epoch,steps,cos_sim-Accuracy@1,cos_sim-Accuracy@3,cos_sim-Accuracy@5,cos_sim-Accuracy@10,cos_sim-Precision@1,cos_sim-Recall@1,cos_sim-Precision@3,cos_sim-Recall@3,cos_sim-Precision@5,cos_sim-Recall@5,cos_sim-Precision@10,cos_sim-Recall@10,cos_sim-MRR@10,cos_sim-NDCG@10,cos_sim-MAP@100,dot_score-Accuracy@1,dot_score-Accuracy@3,dot_score-Accuracy@5,dot_score-Accuracy@10,dot_score-Precision@1,dot_score-Recall@1,dot_score-Precision@3,dot_score-Recall@3,dot_score-Precision@5,dot_score-Recall@5,dot_score-Precision@10,dot_score-Recall@10,dot_score-MRR@10,dot_score-NDCG@10,dot_score-MAP@100
0,-1,0.246,0.372,0.416,0.478,0.246,0.14460158730158731,0.1433333333333333,0.2309135642135642,0.1024,0.25813347763347766,0.06559999999999999,0.3127611333111333,0.32080476190476187,0.26389895915611344,0.22281661634770644,0.186,0.298,0.354,0.416,0.186,0.10303809523809523,0.11466666666666665,0.18095007215007214,0.0848,0.21453109668109668,0.05360000000000001,0.2647017316017316,0.25348968253968246,0.20852754036439178,0.17081629580318752
